pistol_round,fnc_side,map_name,n_i,alpha_final,beta_final,posterior_mean,ci_lower,ci_upper,low_k_flag,tau2_clipped
1,Attacker,Abyss,2,30.983050847457626,2.0169491525423724,0.9388803287108372,0.8370065882243346,0.992170136690969,False,False
1,Attacker,Ascent,2,30.983050847457626,2.0169491525423724,0.9388803287108372,0.8370065882243346,0.992170136690969,False,False
1,Attacker,Bind,5,33.983050847457626,2.0169491525423724,0.9439736346516008,0.8500688036414683,0.9928488858665993,False,False
1,Attacker,Corrode,2,30.983050847457626,2.0169491525423724,0.9388803287108372,0.8370065882243346,0.992170136690969,False,False
1,Attacker,Fracture,2,30.983050847457626,2.0169491525423724,0.9388803287108372,0.8370065882243346,0.992170136690969,False,False
1,Attacker,Haven,3,31.983050847457626,2.0169491525423724,0.9406779661016949,0.8416058414444523,0.9924102654717867,False,False
1,Attacker,Lotus,2,30.983050847457626,2.0169491525423724,0.9388803287108372,0.8370065882243346,0.992170136690969,False,False
1,Attacker,Split,3,30.983050847457626,3.0169491525423724,0.9112662013958125,0.7970148449412625,0.9806154407941171,False,False
1,Defender,Abyss,1,20.983050847457626,2.0169491525423724,0.9123065585851142,0.7704186721995231,0.988546009880959,False,False
1,Defender,Ascent,1,20.983050847457626,2.0169491525423724,0.9123065585851142,0.7704186721995231,0.988546009880959,False,False
1,Defender,Breeze,2,20.983050847457626,3.0169491525423724,0.8742937853107344,0.7186422129072095,0.9719138051080674,False,False
1,Defender,Corrode,1,20.983050847457626,2.0169491525423724,0.9123065585851142,0.7704186721995231,0.988546009880959,False,False
1,Defender,Fracture,1,20.983050847457626,2.0169491525423724,0.9123065585851142,0.7704186721995231,0.988546009880959,False,False
1,Defender,Lotus,2,21.983050847457626,2.0169491525423724,0.9159604519774011,0.7794181300715898,0.9890527535383885,False,False
1,Defender,Split,3,22.983050847457626,2.0169491525423724,0.919322033898305,0.7877418346079718,0.9895165480767932,False,False
1,Defender,Sunset,1,20.983050847457626,2.0169491525423724,0.9123065585851142,0.7704186721995231,0.988546009880959,False,False
13,Attacker,Ascent,2,18.983050847457626,5.016949152542372,0.7909604519774011,0.6113331697148192,0.924947355221214,False,False
13,Attacker,Breeze,2,18.983050847457626,5.016949152542372,0.7909604519774011,0.6113331697148192,0.924947355221214,False,False
13,Attacker,Fracture,1,18.983050847457626,4.016949152542372,0.8253500368459837,0.649939225686464,0.9477128194766461,False,False
13,Attacker,Lotus,1,18.983050847457626,4.016949152542372,0.8253500368459837,0.649939225686464,0.9477128194766461,False,False
13,Attacker,Split,4,20.983050847457626,5.016949152542372,0.8070404172099087,0.6383697775314128,0.9312783791889689,False,False
13,Attacker,Summit,1,18.983050847457626,4.016949152542372,0.8253500368459837,0.649939225686464,0.9477128194766461,False,False
13,Attacker,Sunset,1,18.983050847457626,4.016949152542372,0.8253500368459837,0.649939225686464,0.9477128194766461,False,False
13,Defender,Abyss,3,24.983050847457626,2.0169491525423724,0.9252981795354677,0.8026438674189544,0.9903354284171063,False,False
13,Defender,Ascent,1,22.983050847457626,2.0169491525423724,0.919322033898305,0.7877418346079718,0.9895165480767932,False,False
13,Defender,Bind,2,23.983050847457626,2.0169491525423724,0.9224250325945241,0.7954627803072222,0.9899426329240306,False,False
13,Defender,Breeze,2,23.983050847457626,2.0169491525423724,0.9224250325945241,0.7954627803072222,0.9899426329240306,False,False
13,Defender,Corrode,1,22.983050847457626,2.0169491525423724,0.919322033898305,0.7877418346079718,0.9895165480767932,False,False
13,Defender,Fracture,1,22.983050847457626,2.0169491525423724,0.919322033898305,0.7877418346079718,0.9895165480767932,False,False
13,Defender,Haven,2,22.983050847457626,3.0169491525423724,0.8839634941329856,0.7387805813210224,0.9742279850332103,False,False
13,Defender,Lotus,1,22.983050847457626,2.0169491525423724,0.919322033898305,0.7877418346079718,0.9895165480767932,False,False
13,Defender,Split,1,22.983050847457626,2.0169491525423724,0.919322033898305,0.7877418346079718,0.9895165480767932,False,False
